{"cameraMode":{"drawMode":0,"name":"Shaded","section":"Shading Mode"},"sceneLighting":true,"audioPlay":false,"sceneViewState":{"showFog":true,"showMaterialUpdate":false,"showSkybox":true,"showFlares":true,"showImageEffects":true,"showParticleSystems":true},"in2DMode":false,"pivot":{"x":36.80885314941406,"y":15.153054237365723,"z":24.17418098449707},"rotation":{"x":-0.0004811111430171877,"y":-0.8451237082481384,"z":0.534570038318634,"w":-0.0007657613605260849},"size":10.620360374450684,"orthographic":false}